{"phu": 2.593286067020457, "bốn": 2.292256071356476, "pắc": 2.292256071356476, "dải": 2.593286067020457, "sống": 2.292256071356476, "lạ": 2.593286067020457, "xe": 1.7481880270062005, "thủ": 2.593286067020457, "cúc": 2.292256071356476, "ngao": 2.593286067020457, "ở": 1.7481880270062005, "tác": 2.593286067020457, "bảy": 2.593286067020457, "tạc": 2.593286067020457, "cú": 1.8943160626844384, "thức": 2.1161648123007946, "bùn": 2.593286067020457, "hà": 0.7737421314785886, "tiền": 1.9912260756924949, "thờ": 2.593286067020457, "pháo": 2.1161648123007946, "đỉnh": 2.1161648123007946, "giồng": 2.593286067020457, "an": 0.91204482964487, "voi": 2.593286067020457, "hoa": 1.130888069121501, "vườn": 1.8151348166368135, "móng": 2.593286067020457, "tre": 1.417194807964776, "bản": 1.5932860670204574, "lai": 2.1161648123007946, "tại": 1.9912260756924949, "đéc": 1.8943160626844384, "trăng": 1.6390435575811324, "wonder": 2.593286067020457, "du": 0.4289332112360202, "đĩa": 2.593286067020457, "nghề": 2.593286067020457, "sát": 2.593286067020457, "tho": 1.3891660843645324, "diệp": 2.292256071356476, "ngàn": 1.8943160626844384, "lak": 2.593286067020457, "dừa": 2.593286067020457, "tên": 2.593286067020457, "lạt": 1.1161648123007948, "mẹ": 2.593286067020457, "tỉnh": 2.593286067020457, "phượng": 2.593286067020457, "mai": 2.1161648123007946, "đài": 2.593286067020457, "nghiệm": 1.8151348166368135, "kdl": 1.8943160626844384, "bắt": 2.292256071356476, "hưng": 1.6390435575811324, "cờ": 2.593286067020457, "eo": 2.292256071356476, "lễ": 1.9912260756924949, "thoáng": 2.593286067020457, "treo": 2.292256071356476, "trinh": 2.593286067020457, "cô": 2.593286067020457, "đến": 2.593286067020457, "sanato": 2.292256071356476, "lâm": 2.1161648123007946, "ngắm": 1.3628371456421833, "happy": 2.1161648123007946, "tam": 1.5932860670204574, "ngọc": 1.7481880270062005, "vĩnh": 1.8943160626844384, "ngũ": 1.8151348166368135, "gòn": 1.5518933818622322, "đất": 1.7481880270062005, "nguyên": 2.292256071356476, "trải": 1.8151348166368135, "xanh": 1.5518933818622322, "người": 2.593286067020457, "sư": 2.292256071356476, "thuột": 1.9912260756924949, "địa": 1.6901960800285136, "hành": 1.1161648123007948, "lũng": 1.8943160626844384, "kon": 2.593286067020457, "vqg": 2.593286067020457, "sunny": 2.593286067020457, "một": 1.9912260756924949, "cột": 2.593286067020457, "sapa": 1.1953460583484197, "th": 2.1161648123007946, "land": 1.7481880270062005, "cầu": 1.8151348166368135, "sét": 2.593286067020457, "tràm": 2.1161648123007946, "định": 2.593286067020457, "phá": 0.9700367766225568, "con": 2.593286067020457, "phê": 2.292256071356476, "ngày": 0.3705695958728739, "cù": 1.417194807964776, "of": 2.593286067020457, "nghỉ": 1.8943160626844384, "sóc": 1.6390435575811324, "cáp": 2.292256071356476, "kính": 2.593286067020457, "ma": 2.1161648123007946, "thử": 2.593286067020457, "rái": 1.9912260756924949, "khám": 0.9805022103007217, "nóc": 2.1161648123007946, "quan": 1.250863386198251, "trên": 1.6901960800285136, "gửi": 2.593286067020457, "phim": 2.593286067020457, "vũng": 1.7481880270062005, "mát": 2.1161648123007946, "tàu": 1.6390435575811324, "bể": 2.292256071356476, "lào": 2.593286067020457, "tron": 2.593286067020457, "rút": 2.593286067020457, "bãi": 1.8151348166368135, "half": 2.593286067020457, "chơ": 2.593286067020457, "mây": 2.292256071356476, "yên": 1.271066772286538, "chân": 2.593286067020457, "express": 2.593286067020457, "tay": 2.593286067020457, "n": 0.45027126676636214, "mạn": 2.593286067020457, "vẻ": 1.7481880270062005, "tuần": 2.292256071356476, "giá": 1.7481880270062005, "hoặc": 2.593286067020457, "liêu": 1.5518933818622322, "điểm": 2.593286067020457, "biên": 2.593286067020457, "cái": 1.9912260756924949, "fansipan": 1.6901960800285136, "đôn": 2.1161648123007946, "tịnh": 2.593286067020457, "lắk": 2.292256071356476, "lãng": 2.593286067020457, "thiền": 2.292256071356476, "datanla": 2.593286067020457, "hàn": 2.593286067020457, "buôn": 1.8943160626844384, "kê": 2.593286067020457, "long": 1.002221459993958, "tặng": 2.1161648123007946, "đi": 1.7481880270062005, "sao": 1.6901960800285136, "sôi": 2.292256071356476, "lẻ": 2.593286067020457, "dây": 2.593286067020457, "star": 2.593286067020457, "khuyến": 2.1161648123007946, "nam": 1.2922560713564761, "hí": 2.292256071356476, "hộ": 2.292256071356476, "nhum": 2.292256071356476, "kỳ": 2.292256071356476, "thơm": 2.1161648123007946, "gành": 2.593286067020457, "mùa": 1.417194807964776, "ngược": 2.593286067020457, "sương": 2.1161648123007946, "tằm": 2.593286067020457, "đầm": 2.292256071356476, "tình": 2.593286067020457, "dương": 1.9912260756924949, "sunset": 2.292256071356476, "đêm": 0.7182248036287572, "jeep": 2.593286067020457, "lư": 1.6901960800285136, "lưu": 2.593286067020457, "sa": 1.8943160626844384, "sạn": 1.5141048209728323, "phi": 2.593286067020457, "giốc": 2.292256071356476, "giới": 2.1161648123007946, "lụa": 2.593286067020457, "superdong": 2.593286067020457, "cha": 2.292256071356476, "trọn": 1.7481880270062005, "hill": 2.593286067020457, "tý": 2.593286067020457, "minh": 1.5518933818622322, "tả": 2.292256071356476, "đáng": 2.292256071356476, "hôn": 2.292256071356476, "tiêu": 1.7481880270062005, "luxury": 2.292256071356476, "mơ": 2.1161648123007946, "hd": 1.5141048209728323, "tuần": 2.292256071356476, "tế": 2.593286067020457, "gói": 1.8151348166368135, "kiệm": 1.5932860670204574, "thuận": 2.593286067020457, "phố": 1.6390435575811324, "bái": 1.5932860670204574, "cạn": 2.593286067020457, "day": 2.593286067020457, "ranh": 2.593286067020457, "mạch": 2.292256071356476, "tân": 2.593286067020457, "swan": 2.593286067020457, "hưởng": 1.8151348166368135, "hoạt": 2.593286067020457, "hồi": 2.593286067020457, "tốt": 2.1161648123007946, "tháp": 2.593286067020457, "đ": 0.8690101974196682, "sông": 1.7481880270062005, "vé": 2.1161648123007946, "chiều": 2.593286067020457, "ngang": 2.593286067020457, "trum": 2.593286067020457, "gibbon": 2.593286067020457, "ga": 2.593286067020457, "tà": 1.8943160626844384, "garden": 2.593286067020457, "khoáng": 2.292256071356476, "thành": 1.5518933818622322, "phòng": 2.593286067020457, "hải": 1.5932860670204574, "thị": 2.593286067020457, "sơ": 2.292256071356476, "diệu": 2.593286067020457, "cốc": 1.6901960800285136, "kinh": 2.593286067020457, "thiên": 1.1019243731861845, "chè": 2.1161648123007946, "yếm": 2.593286067020457, "lăng": 2.593286067020457, "thuyền": 1.6901960800285136, "ngoại": 2.593286067020457, "từ": 1.6901960800285136, "bến": 1.417194807964776, "trọc": 2.593286067020457, "đảo": 0.8450980400142568, "cồn": 2.1161648123007946, "tàng": 2.1161648123007946, "cấm": 2.593286067020457, "biển": 1.1783127190496392, "quần": 2.593286067020457, "trình": 1.2922560713564761, "mekong": 2.292256071356476, "nằm": 2.593286067020457, "bước": 2.593286067020457, "chúa": 2.292256071356476, "coffee": 2.593286067020457, "mừng": 2.593286067020457, "thần": 2.1161648123007946, "buffet": 2.593286067020457, "xuyên": 2.593286067020457, "cát": 1.2922560713564761, "xứ": 1.5518933818622322, "nét": 2.593286067020457, "sài": 1.5518933818622322, "chăm": 2.593286067020457, "mê": 2.1161648123007946, "langbiang": 2.1161648123007946, "trekking": 2.292256071356476, "đu": 2.593286067020457, "trà": 1.417194807964776, "thiết": 1.6390435575811324, "làng": 1.6901960800285136, "tứ": 2.292256071356476, "sang": 2.593286067020457, "giang": 1.7481880270062005, "trấn": 2.593286067020457, "hùm": 1.7481880270062005, "nghĩa": 2.1161648123007946, "lập": 2.292256071356476, "vùng": 2.292256071356476, "tài": 2.1161648123007946, "hô": 1.5141048209728323, "tây": 1.1019243731861845, "nha": 0.9305282353388832, "động": 1.16192230286147, "ngủ": 2.1161648123007946, "vinpear": 2.593286067020457, "golden": 2.593286067020457, "hy": 2.1161648123007946, "xã": 2.593286067020457, "vang": 2.292256071356476, "mãi": 2.1161648123007946, "cố": 1.7481880270062005, "văn": 2.1161648123007946, "premier": 2.593286067020457, "deluxe": 2.593286067020457, "rừng": 1.8151348166368135, "chu": 2.593286067020457, "cao": 2.292256071356476,